CountyId,State,County,TotalPop,Men,Women,Income,IncomeErr,IncomePerCap,IncomePerCapErr,Poverty,ChildPoverty,Employed,PrivateWork,PublicWork,SelfEmployed,FamilyWork,Unemployment
6001,California,Alameda County,1629615,799649,829966,85743,940,41363,335,11.3,13.0,826310,79.3,13.2,7.3,0.1,6.0
6003,California,Alpine County,1203,664,539,63438,4535,27448,6258,19.8,17.3,374,58.6,30.2,11.2,0.0,14.6
6005,California,Amador County,37306,20005,17301,60636,2765,29628,1631,10.6,20.3,13444,63.9,21.0,14.7,0.4,9.3
6007,California,Butte County,225207,111587,113620,46516,1130,26304,656,20.5,21.5,93439,72.8,17.2,9.7,0.4,9.1
6009,California,Calaveras County,45057,22292,22765,54800,3529,31652,1278,12.8,18.9,16721,67.6,18.2,13.7,0.4,7.1
6011,California,Colusa County,21479,11157,10322,56481,4858,25676,2010,14.0,20.7,9470,76.6,13.4,9.7,0.2,5.9
6013,California,Contra Costa County,1123678,548675,575003,88456,822,42898,416,9.8,12.4,535401,78.0,13.4,8.4,0.2,6.9
6015,California,Del Norte County,27442,15008,12434,41287,4114,20809,1306,23.2,31.2,8742,56.8,32.9,9.8,0.4,9.5
6017,California,El Dorado County,185015,92304,92711,74885,2565,38156,917,9.8,11.6,80373,72.0,16.8,11.1,0.2,8.1
6019,California,Fresno County,971616,484667,486949,48730,655,22234,215,25.4,36.5,392003,74.8,18.4,6.6,0.2,10.4
6021,California,Glenn County,27935,14213,13722,46260,3402,21029,967,19.6,25.5,10775,70.9,17.3,10.9,0.9,9.2
6023,California,Humboldt County,135490,67508,67982,43718,1579,25208,780,20.8,22.5,59592,63.6,21.5,14.5,0.4,8.9
6025,California,Imperial County,179957,91963,87994,44779,1850,17303,582,23.8,31.0,59757,67.9,26.2,5.7,0.2,16.0
6027,California,Inyo County,18195,9172,9023,51500,4578,30323,1140,10.2,13.3,8275,61.5,30.1,8.4,0.0,5.2
6029,California,Kern County,878744,450393,428351,50826,771,21716,280,22.6,31.3,335688,76.7,16.6,6.5,0.2,10.9
6031,California,Kings County,150183,82982,67201,49742,1744,19835,656,20.9,28.7,53158,70.2,24.5,5.2,0.2,9.7
6033,California,Lake County,64095,31788,32307,40446,2857,23345,1183,22.8,31.6,22691,68.3,20.0,11.4,0.3,11.2
6035,California,Lassen County,31470,20786,10684,54083,2927,20974,1015,14.6,20.7,9052,43.6,47.7,8.2,0.4,7.5
6037,California,Los Angeles County,10105722,4979641,5126081,61015,262,30798,129,17.0,24.0,4805817,79.3,11.2,9.3,0.2,7.8
6039,California,Madera County,154440,74583,79857,48210,2108,19975,565,22.1,31.5,56076,78.4,14.6,6.9,0.1,8.3
6041,California,Marin County,260814,127423,133391,104703,1763,66748,1603,8.1,9.7,130570,74.1,10.6,15.0,0.2,4.5
6043,California,Mariposa County,17658,8863,8795,51385,3637,28241,1665,15.1,17.5,7009,62.4,26.5,10.3,0.7,10.0
6045,California,Mendocino County,87497,43668,43829,46528,1787,27093,1426,19.1,24.4,37084,63.6,19.7,16.2,0.5,10.4
6047,California,Merced County,267390,135045,132345,46338,1301,20120,574,23.3,33.4,99026,76.6,16.6,6.7,0.1,14.6
6049,California,Modoc County,9017,4659,4358,39296,4907,22052,1610,18.1,20.4,3231,58.3,29.2,11.9,0.5,7.5
6051,California,Mono County,14058,7433,6625,60595,6356,30888,2023,9.9,12.0,7864,75.2,15.3,8.3,1.2,3.6
6053,California,Monterey County,433168,221016,212152,63249,1209,27168,479,14.7,21.6,182439,76.6,15.0,8.2,0.2,6.0
6055,California,Napa County,141005,70311,70694,79637,1895,40632,883,8.2,9.0,71110,78.6,12.1,9.1,0.2,5.4
6057,California,Nevada County,98838,48732,50106,60610,2262,35581,1345,12.1,15.1,42302,69.3,14.5,15.7,0.6,7.3
6059,California,Orange County,3155816,1558245,1597571,81851,570,37603,270,12.1,16.4,1560997,82.0,10.1,7.7,0.2,5.8
6061,California,Placer County,374985,183021,191964,80488,1431,39734,588,8.2,8.3,170791,75.7,15.8,8.3,0.2,5.6
6063,California,Plumas County,18724,9432,9292,50266,3476,32056,2776,13.3,12.8,7260,59.9,26.0,14.0,0.2,9.4
6065,California,Riverside County,2355002,1171711,1183291,60807,429,25700,191,15.6,21.3,978726,77.7,14.7,7.5,0.2,9.9
6067,California,Sacramento County,1495400,730680,764720,60239,475,29693,258,16.7,22.6,666790,71.5,21.3,6.9,0.2,8.8
6069,California,San Benito County,58671,29208,29463,80760,3889,30012,976,9.7,14.4,27688,76.0,16.6,7.3,0.1,8.8
6071,California,San Bernardino County,2121220,1055170,1066050,57156,594,22867,208,18.2,25.8,869658,77.3,16.2,6.4,0.1,9.9
6073,California,San Diego County,3283665,1651147,1632518,70588,617,34350,192,13.3,17.1,1536073,77.8,14.2,7.8,0.2,7.1
6075,California,San Francisco County,864263,440633,423630,96265,1349,59508,760,11.7,11.4,504914,80.5,11.2,8.2,0.1,5.4
6077,California,San Joaquin County,724153,360247,363906,57813,863,24694,339,17.1,23.1,296264,79.0,14.4,6.4,0.2,10.1
6079,California,San Luis Obispo County,280119,142182,137937,67175,1720,33972,632,13.8,12.9,129277,70.0,18.8,10.8,0.4,4.8
6081,California,San Mateo County,763450,376145,387305,105667,1195,53516,554,7.3,8.7,404882,80.5,11.3,8.0,0.2,4.7
6083,California,Santa Barbara County,442996,221955,221041,68023,1420,32872,590,15.4,19.4,211793,75.7,16.0,8.1,0.2,6.6
6085,California,Santa Clara County,1911226,963317,947909,106761,858,48689,418,8.6,9.7,967294,84.7,9.3,5.9,0.1,5.7
6087,California,Santa Cruz County,273263,135654,137609,73663,1682,36388,789,14.7,17.0,133847,73.5,15.4,10.8,0.3,6.7
6089,California,Shasta County,178919,87753,91166,47258,1104,26455,578,18.1,25.4,72195,73.3,16.5,10.0,0.2,6.8
6091,California,Sierra County,2885,1488,1397,44190,9650,31750,5272,12.3,10.6,1149,47.6,35.1,15.1,2.3,5.3
6093,California,Siskiyou County,43530,21706,21824,40884,1957,24605,879,20.7,26.6,16544,63.0,22.5,14.3,0.3,9.1
6095,California,Solano County,434981,216074,218907,72950,1244,31934,518,11.5,16.6,196309,74.9,18.5,6.5,0.1,8.5
6097,California,Sonoma County,500943,245381,255562,71769,1046,37767,713,10.7,13.1,249134,75.7,12.9,11.3,0.2,5.9
6099,California,Stanislaus County,535684,264824,270860,54260,976,24007,467,17.2,23.2,219505,79.4,13.8,6.7,0.2,11.8
6101,California,Sutter County,95583,47613,47970,54347,2000,24849,832,16.7,23.3,38207,76.7,16.7,6.1,0.5,10.5
6103,California,Tehama County,63247,31452,31795,42512,2803,22631,948,20.9,30.9,23849,74.2,16.3,9.4,0.1,10.1
6105,California,Trinity County,13037,6603,6434,36563,5946,23575,1598,19.9,24.5,4800,46.3,30.8,16.9,6.1,9.6
6107,California,Tulare County,458809,229488,229321,44871,1286,18962,394,27.1,36.2,173820,77.1,15.9,6.7,0.2,10.0
6109,California,Tuolumne County,53899,28029,25870,54325,2700,31570,1699,13.6,13.8,20401,68.7,18.1,12.8,0.3,7.9
6111,California,Ventura County,847834,419536,428298,81972,983,35771,447,10.3,14.4,410179,77.8,13.7,8.4,0.1,6.6
6113,California,Yolo County,212605,103617,108988,61621,1733,30615,679,19.4,16.3,95944,66.7,27.1,6.2,0.0,7.2
6115,California,Yuba County,74644,38081,36563,51776,2375,22814,791,18.5,25.0,27832,67.9,22.0,9.8,0.4,9.9
12001,Florida,Alachua County,259865,125712,134153,45478,1546,26431,711,23.3,22.0,120466,70.2,25.5,4.2,0.1,6.6
12003,Florida,Baker County,27537,14422,13115,59506,4489,22440,1777,17.2,22.0,10567,69.1,26.7,4.0,0.2,5.8
12005,Florida,Bay County,180117,89542,90575,50283,1571,26742,677,15.4,22.1,80334,77.5,16.0,6.2,0.4,6.4
12007,Florida,Bradford County,26775,14754,12021,46106,5357,19656,1548,18.8,24.9,9118,71.3,24.9,3.6,0.2,7.6
12009,Florida,Brevard County,568183,277666,290517,51536,616,29405,419,13.4,19.4,239195,81.6,13.1,5.2,0.2,7.6
12011,Florida,Broward County,1890416,920265,970151,54895,644,30109,287,14.0,19.1,930561,83.1,10.6,6.2,0.1,7.6
12013,Florida,Calhoun County,14458,7872,6586,36237,2312,15927,1194,12.9,10.0,4698,71.4,23.1,5.5,0.0,8.6
12015,Florida,Charlotte County,173236,84432,88804,46511,1143,29243,872,12.0,19.6,59033,79.7,12.9,7.0,0.4,8.9
12017,Florida,Citrus County,141373,68487,72886,40574,1147,25034,924,17.4,30.6,45294,79.9,12.8,6.8,0.4,9.9
12019,Florida,Clay County,203291,100119,103172,61971,1829,28599,923,10.4,12.9,91705,82.1,14.1,3.8,0.1,8.1
12021,Florida,Collier County,356774,175608,181166,62407,1257,41239,871,12.8,22.8,150802,84.6,8.2,7.0,0.1,5.3
12023,Florida,Columbia County,68484,35425,33059,43504,2151,22855,1025,16.8,23.9,25911,73.2,22.3,4.4,0.2,9.5
12027,Florida,DeSoto County,35675,20184,15491,35435,1717,17892,1313,29.9,41.0,12667,78.9,13.2,7.7,0.2,6.1
12029,Florida,Dixie County,16323,9048,7275,35910,3084,19342,2088,23.7,32.9,4798,69.4,22.0,8.1,0.5,6.2
12031,Florida,Duval County,912043,442115,469928,51296,541,28593,367,16.0,24.3,430830,84.1,11.4,4.5,0.1,7.4
12033,Florida,Escambia County,309924,153834,156090,47361,949,25666,554,14.6,23.8,134161,78.3,15.3,6.3,0.1,7.2
12035,Florida,Flagler County,105015,50436,54579,51049,1256,25741,654,13.3,21.5,39278,81.5,11.8,6.6,0.1,6.5
12037,Florida,Franklin County,11675,6727,4948,41267,3706,23524,2028,20.1,32.1,4305,63.8,23.0,13.2,0.0,7.9
12039,Florida,Gadsden County,46113,21869,24244,39830,2043,19252,819,24.4,40.8,16338,61.6,34.8,3.5,0.1,8.5
12041,Florida,Gilchrist County,17191,8983,8208,42934,3874,21145,1303,19.8,34.4,6444,72.8,20.1,7.0,0.0,7.4
12043,Florida,Glades County,13197,7479,5718,37385,4329,20476,2119,18.0,26.9,4052,65.8,22.1,12.1,0.0,10.0
12045,Florida,Gulf County,16018,9595,6423,44647,3144,21085,1472,14.9,19.6,5896,76.8,18.1,4.9,0.2,5.4
12047,Florida,Hamilton County,14238,8228,6010,36209,4821,16109,1564,26.6,35.5,3849,62.4,27.1,10.4,0.1,12.7
12049,Florida,Hardee County,27326,14716,12610,39063,3047,18643,2154,24.5,39.0,9857,77.5,14.4,8.0,0.0,9.1
12051,Florida,Hendry County,39064,20716,18348,37966,2224,18426,1570,25.5,31.1,16313,84.9,10.4,4.7,0.0,8.2
12053,Florida,Hernando County,179144,85782,93362,44324,1044,23495,498,14.3,20.7,63962,81.8,13.0,4.9,0.2,8.8
12055,Florida,Highlands County,100177,48518,51659,36374,1135,23020,1607,18.7,31.5,31980,79.8,13.7,6.2,0.3,11.5
12057,Florida,Hillsborough County,1351087,658639,692448,53742,533,29806,267,15.7,21.2,647075,83.7,11.7,4.5,0.1,6.8
12059,Florida,Holmes County,19483,10449,9034,37474,4051,18402,1161,26.6,37.4,6391,71.8,20.6,7.6,0.0,11.5
12061,Florida,Indian River County,147981,71064,76917,49009,1267,33122,1274,12.7,20.1,56016,81.1,11.5,7.1,0.3,8.2
12063,Florida,Jackson County,48571,26887,21684,36944,1427,18126,676,21.6,31.6,16193,66.9,29.0,3.9,0.1,11.2
12065,Florida,Jefferson County,14085,7554,6531,47599,6872,22452,1605,13.9,19.2,4922,65.5,28.9,5.6,0.0,7.2
12067,Florida,Lafayette County,8684,5104,3580,41512,9747,21955,6091,17.8,19.2,2532,60.9,33.9,5.2,0.0,12.8
12069,Florida,Lake County,326215,157897,168318,49734,1173,25991,451,12.8,20.0,131532,82.8,11.8,5.3,0.1,7.2
12071,Florida,Lee County,700165,342731,357434,52052,572,30233,442,14.9,24.9,287128,83.2,10.3,6.2,0.2,7.1
12073,Florida,Leon County,285890,135980,149910,49941,922,28548,568,20.5,18.8,143570,64.8,31.3,3.8,0.1,8.8
12075,Florida,Levy County,39713,19415,20298,36554,1796,21043,1582,21.9,35.6,14623,72.3,18.0,9.5,0.2,8.5
12077,Florida,Liberty County,8347,5216,3131,36741,3554,16937,2102,17.8,16.2,2466,54.2,38.7,7.1,0.0,9.6
12079,Florida,Madison County,18518,9804,8714,31816,2625,17192,1094,31.9,51.4,5985,67.1,27.2,5.3,0.4,8.1
12081,Florida,Manatee County,363542,175761,187781,53408,1088,30477,584,13.4,22.8,150640,83.1,10.9,5.8,0.2,6.6
12083,Florida,Marion County,343778,164984,178794,41964,878,23598,499,17.6,28.7,120343,80.0,12.7,6.8,0.5,9.0
12085,Florida,Martin County,155719,77098,78621,55588,1532,38021,1327,10.9,15.6,64614,81.9,11.2,6.7,0.3,6.5
12086,Florida,Miami-Dade County,2702602,1311997,1390605,46338,365,25481,212,19.0,25.4,1272735,82.4,9.6,7.8,0.2,7.4
12087,Florida,Monroe County,76745,40218,36527,63030,1692,39176,1453,12.7,16.7,39876,77.2,13.5,9.2,0.1,3.7
12089,Florida,Nassau County,78435,38706,39729,64294,2019,33337,1383,11.4,16.4,34780,80.6,13.8,5.5,0.0,5.7
12091,Florida,Okaloosa County,197591,100239,97352,59955,1565,30775,649,11.5,16.6,85823,73.2,20.1,6.5,0.2,6.1
12093,Florida,Okeechobee County,40228,21767,18461,39059,1686,18611,1053,22.3,34.0,14085,78.2,13.4,8.2,0.1,9.0
12095,Florida,Orange County,1290216,633835,656381,51586,483,27394,312,16.7,23.4,642687,86.5,9.0,4.3,0.1,6.8
12097,Florida,Osceola County,325168,160216,164952,47343,1259,20165,468,17.8,26.7,146390,86.0,10.3,3.6,0.1,6.6
12099,Florida,Palm Beach County,1426772,691154,735618,57256,535,36303,410,13.4,20.3,655496,83.1,10.0,6.7,0.1,7.4
12101,Florida,Pasco County,498136,242448,255688,48289,813,26624,330,13.6,17.9,202690,81.8,12.5,5.5,0.3,7.0
12103,Florida,Pinellas County,949842,456017,493825,48968,679,32120,344,13.7,20.2,438915,83.8,10.6,5.5,0.1,6.4
12105,Florida,Polk County,652256,319775,332481,45988,753,22579,270,17.3,27.0,263208,83.9,11.0,5.0,0.1,7.7
12107,Florida,Putnam County,72435,35683,36752,33619,1120,18950,616,27.6,44.2,25030,78.0,15.9,5.8,0.2,10.3
12109,Florida,St. Johns County,226578,110112,116466,73640,2446,39563,953,9.1,9.3,102778,81.8,13.2,4.8,0.3,5.3
12111,Florida,St. Lucie County,298763,146025,152738,47132,1477,24940,693,16.6,24.6,122153,82.4,11.6,5.9,0.1,7.6
12113,Florida,Santa Rosa County,166778,85374,81404,62731,1578,28908,655,11.3,16.1,70810,77.7,16.4,5.8,0.1,6.3
12115,Florida,Sarasota County,404839,193328,211511,55236,1026,37054,701,10.5,16.7,160224,81.6,9.6,8.6,0.2,5.7
12117,Florida,Seminole County,449260,217099,232161,60739,1116,31363,527,11.8,15.3,220949,83.2,11.2,5.4,0.2,6.6
12119,Florida,Sumter County,116754,58883,57871,54771,2856,33168,1264,9.2,22.3,23889,79.2,13.0,7.6,0.2,6.6
12121,Florida,Suwannee County,43814,22204,21610,40600,3543,21565,1913,20.4,35.3,16629,76.5,16.9,6.4,0.2,9.1
12123,Florida,Taylor County,22350,12547,9803,37188,4545,16979,1260,16.4,21.3,6861,72.2,21.2,6.6,0.0,5.9
12125,Florida,Union County,15300,9922,5378,37460,6004,13485,1383,21.4,32.3,3800,61.3,32.9,5.5,0.2,9.8
12127,Florida,Volusia County,518660,252651,266009,43838,781,25871,544,16.1,24.0,212016,82.7,11.5,5.6,0.1,6.7
12129,Florida,Wakulla County,31586,17528,14058,57866,4026,22846,1104,12.6,15.9,13589,62.4,32.1,5.3,0.1,6.9
12131,Florida,Walton County,63457,32216,31241,50619,1771,30853,1560,17.0,30.9,27853,78.0,12.8,9.1,0.2,5.7
12133,Florida,Washington County,24472,13300,11172,36989,3048,18718,1038,21.0,28.5,8860,69.0,21.4,9.4,0.2,10.1
36001,New York,Albany County,308580,149287,159293,62293,1234,35278,565,12.4,15.0,158961,71.3,24.5,4.2,0.1,5.3
36003,New York,Allegany County,47400,24013,23387,45359,1489,22377,581,16.5,25.7,20132,73.6,19.3,6.8,0.3,7.3
36005,New York,Bronx County,1455846,685636,770210,36593,389,19721,199,29.7,41.8,593858,80.0,14.6,5.3,0.1,11.6
36007,New York,Broome County,196124,96409,99715,49064,1113,26790,497,17.1,23.0,87365,75.3,19.8,4.9,0.0,7.2
36009,New York,Cattaraugus County,78175,38739,39436,45571,1241,23984,496,16.9,23.8,33732,73.4,20.0,6.3,0.2,7.0
36011,New York,Cayuga County,78319,40132,38187,54664,1603,27957,702,11.6,17.2,37196,75.6,18.0,6.1,0.3,5.9
36013,New York,Chautauqua County,130846,64652,66194,44304,1256,23962,533,18.5,28.6,56416,75.2,17.0,7.5,0.3,7.7
36015,New York,Chemung County,86883,43018,43865,51251,1531,27209,772,15.8,22.8,37726,78.5,16.1,5.3,0.2,5.3
36017,New York,Chenango County,48763,24382,24381,48567,1595,25233,641,14.5,18.9,21665,69.7,21.6,8.4,0.3,6.7
36019,New York,Clinton County,81224,41648,39576,52759,1739,25833,659,15.7,20.0,36091,71.0,23.4,5.5,0.1,5.8
36021,New York,Columbia County,61481,30856,30625,61093,1999,34737,1152,11.4,14.8,30164,71.2,20.1,8.6,0.1,5.0
36023,New York,Cortland County,48334,23443,24891,52451,2006,26271,981,14.7,16.7,24251,73.6,20.1,6.0,0.3,4.9
36025,New York,Delaware County,45950,23118,22832,47921,2077,26016,855,16.5,30.7,19919,67.2,21.2,11.2,0.4,7.1
36027,New York,Dutchess County,295685,146993,148692,75585,1986,36704,612,9.1,11.8,144934,77.7,16.6,5.6,0.2,6.7
36029,New York,Erie County,923995,447024,476971,54006,578,31083,330,14.9,22.5,448392,79.9,15.9,4.1,0.1,5.5
36031,New York,Essex County,38233,19936,18297,55294,2424,29008,1124,8.9,11.2,17544,70.5,20.3,9.0,0.2,6.7
36033,New York,Franklin County,51054,27928,23126,50733,1529,24294,937,19.4,27.0,19960,61.1,29.2,9.3,0.4,8.2
36035,New York,Fulton County,53955,26899,27056,48033,2240,26298,1046,16.0,23.4,24239,79.4,16.1,4.4,0.1,7.6
36037,New York,Genesee County,58537,29199,29338,54033,1511,27499,681,12.8,20.1,29386,76.9,17.5,5.4,0.2,5.1
36039,New York,Greene County,47791,24875,22916,53214,2786,27402,1054,12.4,17.1,20009,70.0,22.5,6.9,0.6,6.2
36041,New York,Hamilton County,4646,2387,2259,55587,3147,24891,2007,9.7,12.5,1991,56.4,33.9,9.7,0.1,11.2
36043,New York,Herkimer County,62943,31103,31840,49077,2029,24932,690,14.9,23.1,28650,76.4,16.6,6.7,0.2,8.2
36045,New York,Jefferson County,116567,61385,55182,50322,1205,24717,585,14.8,21.1,44883,67.5,25.7,6.6,0.2,8.0
36047,New York,Kings County,2635121,1247773,1387348,52782,467,29928,245,21.9,30.4,1217976,79.4,13.9,6.6,0.1,8.1
36049,New York,Lewis County,26845,13525,13320,51475,1907,25779,995,14.2,23.7,11838,66.2,23.1,10.1,0.6,7.6
36051,New York,Livingston County,64373,32269,32104,53654,1681,25882,690,14.6,18.1,29390,74.5,19.9,5.1,0.5,4.8
36053,New York,Madison County,71760,35413,36347,58365,1967,28010,778,11.1,14.6,33640,77.2,15.5,7.2,0.1,4.4
36055,New York,Monroe County,748680,361649,387031,55272,680,31291,357,14.8,22.3,367859,83.2,12.1,4.6,0.1,6.6
36057,New York,Montgomery County,49500,24352,25148,47449,2192,25307,845,19.6,29.6,21956,78.3,16.9,4.6,0.3,7.3
36059,New York,Nassau County,1363069,661718,701351,105744,781,46839,405,5.9,7.6,682063,78.2,16.3,5.3,0.2,4.9
36061,New York,New York County,1653877,782142,871735,79781,1158,69529,945,17.3,23.1,906389,83.8,8.3,7.8,0.2,6.2
36063,New York,Niagara County,212675,103592,109083,51656,1205,28395,548,13.4,18.8,100990,81.8,14.2,3.9,0.1,6.2
36065,New York,Oneida County,232324,115854,116470,51316,933,27283,549,16.6,26.2,102889,74.9,19.6,5.2,0.3,6.0
36067,New York,Onondaga County,467669,225685,241984,57271,864,31436,352,14.9,21.6,223207,78.9,16.3,4.7,0.1,6.4
36069,New York,Ontario County,109491,53712,55779,61710,1781,33685,1232,9.7,12.9,54398,80.3,14.2,5.3,0.2,4.7
36071,New York,Orange County,378174,189437,188737,75146,1717,32616,556,12.2,19.9,174770,75.6,19.7,4.4,0.2,5.6
36073,New York,Orleans County,41584,20662,20922,49223,2670,23929,934,15.9,24.9,17976,78.0,16.7,5.2,0.1,6.5
36075,New York,Oswego County,119833,60028,59805,51755,1388,25791,685,18.3,28.8,53211,76.1,18.5,5.2,0.2,8.6
36077,New York,Otsego County,60750,29341,31409,51254,1528,26688,742,16.1,19.5,28545,72.3,18.0,9.1,0.6,6.7
36079,New York,Putnam County,99464,49485,49979,99608,2584,44063,1404,4.8,4.0,51775,77.4,16.7,5.5,0.3,5.3
36081,New York,Queens County,2339280,1134031,1205249,62008,471,28814,216,13.7,18.2,1142363,80.1,13.7,6.1,0.1,6.9
36083,New York,Rensselaer County,159800,78800,81000,63166,1695,33067,710,12.6,19.7,80468,73.5,21.8,4.6,0.2,5.8
36085,New York,Richmond County,475948,230325,245623,76244,1481,33922,471,12.9,17.9,212253,74.6,21.0,4.3,0.1,5.5
36087,New York,Rockland County,325027,159227,165800,88571,1624,36898,658,14.2,24.4,149868,78.6,15.7,5.6,0.0,6.3
36089,New York,St. Lawrence County,110817,56381,54436,48330,1867,23554,606,19.4,29.0,44013,68.3,24.0,7.5,0.3,8.8
36091,New York,Saratoga County,226632,111991,114641,77548,1961,39653,722,6.6,7.7,117053,77.4,17.4,5.1,0.1,4.6
36093,New York,Schenectady County,155239,75537,79702,61315,1710,29981,720,12.4,19.7,73044,76.5,19.2,4.3,0.0,7.3
36095,New York,Schoharie County,31611,15700,15911,51842,1978,26953,963,13.9,18.9,14198,66.8,23.7,9.0,0.5,7.5
36097,New York,Schuyler County,18112,9076,9036,47810,3060,25285,1261,15.3,20.5,8224,74.4,15.7,9.8,0.1,7.2
36099,New York,Seneca County,34843,18308,16535,51601,1402,26541,1032,11.8,14.2,15488,74.8,16.9,8.2,0.1,4.9
36101,New York,Steuben County,97539,48550,48989,50157,1301,27731,772,14.5,21.2,43232,76.8,16.1,6.8,0.3,7.0
36103,New York,Suffolk County,1497595,737373,760222,92838,928,40277,382,7.2,9.4,744660,77.5,17.6,4.8,0.1,5.4
36105,New York,Sullivan County,75783,38941,36842,53877,2786,28224,1072,15.9,23.4,32610,72.9,20.4,6.6,0.1,9.3
36107,New York,Tioga County,49322,24340,24982,57153,2861,30252,1187,11.2,15.2,23012,80.5,14.3,5.1,0.0,6.5
36109,New York,Tompkins County,104415,51397,53018,56200,1682,29759,766,20.4,16.7,50390,78.8,13.5,7.4,0.2,4.8
36111,New York,Ulster County,180129,89377,90752,61652,1401,32453,717,13.2,15.9,86552,74.0,17.8,7.8,0.4,7.1
36113,New York,Warren County,64701,31717,32984,60222,1986,33127,1137,9.9,13.0,32518,75.0,17.7,7.3,0.1,4.8
36115,New York,Washington County,62183,32148,30035,52527,2161,26064,781,12.8,17.5,28741,75.9,15.8,7.9,0.3,6.6
36117,New York,Wayne County,91442,45218,46224,53693,1648,27318,690,11.7,16.9,43209,79.6,15.2,5.1,0.2,6.4
36119,New York,Westchester County,975321,471874,503447,89968,1406,52049,570,9.4,11.7,479696,79.6,13.8,6.5,0.1,6.5
36121,New York,Wyoming County,40886,22032,18854,55459,2144,25635,1031,11.4,17.2,18372,75.0,18.7,6.0,0.3,6.5
36123,New York,Yates County,25083,12069,13014,51758,3135,26608,1378,13.1,18.9,11331,73.7,12.3,12.7,1.2,6.0
48001,Texas,Anderson County,57747,35292,22455,42313,2337,17466,894,15.7,23.0,19102,73.2,20.4,6.2,0.2,4.3
48003,Texas,Andrews County,17577,8980,8597,70753,6115,29903,3147,11.9,15.5,8054,85.3,8.7,5.7,0.3,4.5
48005,Texas,Angelina County,87700,42707,44993,46472,1452,21974,758,19.1,27.1,36164,77.2,16.7,6.0,0.1,7.6
48007,Texas,Aransas County,24832,12448,12384,44601,3698,29999,2914,17.8,26.8,10387,72.9,12.3,14.6,0.2,6.7
48009,Texas,Archer County,8793,4335,4458,63192,4765,31103,2291,8.8,10.1,4344,75.6,14.5,9.8,0.0,3.0
48011,Texas,Armstrong County,1929,974,955,68750,10647,31219,2569,7.5,13.6,968,63.8,26.3,8.6,1.2,1.8
48013,Texas,Atascosa County,48139,24051,24088,55194,4735,23973,1528,14.6,22.5,20208,78.3,14.7,6.9,0.0,6.1
48015,Texas,Austin County,29292,14474,14818,62614,6451,30101,1810,13.4,23.5,13509,77.5,13.2,9.3,0.0,5.4
48017,Texas,Bailey County,7098,3678,3420,43523,7943,18662,3203,22.3,33.8,3157,77.1,11.8,10.4,0.8,2.2
48019,Texas,Bandera County,21316,10570,10746,56413,5522,29177,1824,16.5,31.2,8682,70.8,17.9,11.0,0.3,5.7
48021,Texas,Bastrop County,80306,40845,39461,59185,2756,25172,926,13.3,18.9,33500,71.5,20.2,8.1,0.2,7.7
48023,Texas,Baylor County,3602,1740,1862,36157,3798,30820,8919,13.1,3.4,1434,70.9,17.2,11.9,0.0,2.3
48025,Texas,Bee County,32729,19883,12846,45415,4540,17504,1095,19.7,31.8,10125,71.0,23.3,5.5,0.2,6.3
48027,Texas,Bell County,336506,168147,168359,52583,994,25017,639,14.3,20.4,135361,70.7,24.3,4.9,0.1,8.3
48029,Texas,Bexar County,1892004,932577,959427,53999,449,26158,213,16.4,23.3,867502,80.7,13.8,5.5,0.1,6.1
48031,Texas,Blanco County,11089,5576,5513,58500,4789,31249,3106,10.8,16.1,5106,66.2,16.9,16.4,0.4,5.7
48033,Texas,Borden County,602,309,293,77708,14586,38923,11296,2.8,0.0,255,57.3,23.5,19.2,0.0,1.5
48035,Texas,Bosque County,17955,8831,9124,48677,3108,25763,1602,15.6,26.5,7475,76.6,11.5,11.3,0.6,5.2
48037,Texas,Bowie County,93635,47173,46462,46283,2652,24761,1365,17.9,26.4,36668,77.7,18.1,4.2,0.0,7.3
48039,Texas,Brazoria County,345995,175156,170839,76426,2188,32343,729,9.9,12.1,162270,80.5,14.6,4.9,0.1,4.9
48041,Texas,Brazos County,214231,108478,105753,43907,1389,25337,637,26.0,22.9,103649,69.5,24.8,5.6,0.1,4.7
48043,Texas,Brewster County,9220,4464,4756,38906,3618,26073,2325,10.9,7.6,4151,57.2,33.7,7.4,1.7,7.1
48045,Texas,Briscoe County,1591,796,795,42500,7062,23199,2789,13.9,17.2,729,64.2,20.2,14.3,1.4,6.2
48047,Texas,Brooks County,7251,3750,3501,24794,3253,13549,1662,41.5,62.3,2489,63.6,27.3,9.1,0.0,13.8
48049,Texas,Brown County,37787,18741,19046,43062,1925,24040,1409,16.4,24.7,15238,76.9,15.1,8.0,0.0,4.3
48051,Texas,Burleson County,17596,8781,8815,52510,4429,27112,1779,15.1,26.9,7697,71.9,18.5,9.3,0.4,6.7
48053,Texas,Burnet County,45017,22234,22783,57173,3823,29247,1770,12.3,18.4,19567,75.3,12.4,12.0,0.3,4.3
48055,Texas,Caldwell County,40544,20563,19981,51346,2389,23366,1304,17.7,22.9,18238,74.3,18.9,6.7,0.1,3.4
48057,Texas,Calhoun County,21821,10976,10845,58788,3841,26909,1580,15.8,24.6,9676,83.8,10.5,5.7,0.0,6.3
48059,Texas,Callahan County,13660,6650,7010,40945,2635,22205,1487,15.6,15.4,5128,72.1,16.3,10.2,1.4,3.5
48061,Texas,Cameron County,420201,203657,216544,36095,962,16085,329,31.2,43.9,153938,73.8,17.1,8.9,0.3,8.0
48063,Texas,Camp County,12670,6215,6455,41811,3097,21069,1432,17.4,24.4,5274,75.1,15.0,8.9,1.0,6.1
48065,Texas,Carson County,6033,2888,3145,67010,6981,31788,2489,6.4,7.8,2896,71.3,20.3,8.1,0.2,1.9
48067,Texas,Cass County,30118,14599,15519,41432,2577,22145,1125,18.5,30.7,11991,74.0,16.7,9.3,0.0,7.3
48069,Texas,Castro County,7891,3958,3933,44643,3842,22292,4461,15.9,22.7,3289,75.8,12.6,10.3,1.3,4.2
48071,Texas,Chambers County,39283,19679,19604,74368,8078,31412,1542,12.9,17.8,16713,75.6,16.4,7.7,0.3,6.5
48073,Texas,Cherokee County,51594,26307,25287,44294,2017,21102,1071,18.7,29.0,20526,73.1,20.0,6.8,0.2,6.1
48075,Texas,Childress County,7064,3933,3131,40432,6002,18694,2746,19.6,15.7,2515,68.9,25.6,5.4,0.0,5.2
48077,Texas,Clay County,10369,5184,5185,46863,4871,27593,2301,15.0,21.8,4373,74.4,14.5,10.9,0.3,7.2
48079,Texas,Cochran County,2932,1492,1440,37500,3978,19195,2005,24.8,34.7,1189,65.9,22.5,11.5,0.2,8.0
48081,Texas,Coke County,3238,1609,1629,42500,6360,24623,1913,16.6,19.5,1462,58.1,31.7,10.3,0.0,4.3
48083,Texas,Coleman County,8422,4282,4140,40804,3227,26436,3192,20.3,29.0,3310,72.6,15.6,11.8,0.1,5.1
48085,Texas,Collin County,914075,448915,465160,90124,995,41609,444,6.9,8.2,474671,84.3,9.7,5.9,0.1,4.3
48087,Texas,Collingsworth County,3026,1508,1518,46348,6241,21356,2113,15.0,25.8,1386,65.2,26.2,8.7,0.0,7.1
48089,Texas,Colorado County,20913,10487,10426,50241,3748,26689,1937,12.0,15.3,9491,73.3,17.6,8.8,0.2,2.9
48091,Texas,Comal County,129100,63732,65368,73655,1751,35841,827,9.2,14.1,59833,78.7,12.8,8.0,0.4,3.8
48093,Texas,Comanche County,13492,6710,6782,42419,2872,22751,1575,18.2,29.2,5454,75.4,14.3,10.0,0.3,3.6
48095,Texas,Concho County,3858,2622,1236,46696,9020,17513,2719,8.5,13.8,1023,55.0,25.9,19.1,0.0,0.4
48097,Texas,Cooke County,39064,19358,19706,60027,2476,29067,1064,13.9,24.7,18724,77.5,14.9,7.3,0.2,5.2
48099,Texas,Coryell County,75818,37921,37897,50865,1533,21171,1082,13.3,18.9,23306,62.0,31.8,6.1,0.1,9.9
48101,Texas,Cottle County,1498,758,740,33534,5773,20566,2966,24.5,35.8,651,61.6,24.6,13.4,0.5,10.7
48103,Texas,Crane County,4836,2515,2321,63935,9605,24582,1869,11.8,16.6,2023,84.0,13.2,2.8,0.0,2.6
48105,Texas,Crockett County,3836,1903,1933,52310,7773,23296,3356,20.9,39.8,1733,66.9,19.2,13.8,0.0,2.4
48107,Texas,Crosby County,5895,2918,2977,38674,2969,20057,1734,20.8,29.7,2519,72.1,19.7,7.9,0.2,7.7
48109,Texas,Culberson County,2257,1162,1095,33125,11492,16763,2601,29.4,47.3,974,73.4,18.8,7.8,0.0,5.3
48111,Texas,Dallam County,7207,3880,3327,45580,8818,25221,4782,15.9,24.6,3501,77.5,10.9,11.4,0.1,3.7
48113,Texas,Dallas County,2552213,1257751,1294462,53626,437,29810,247,17.7,27.1,1252101,84.3,9.1,6.4,0.2,5.9
48115,Texas,Dawson County,13095,7274,5821,43201,4374,21360,1861,18.5,20.4,4968,70.4,20.1,9.3,0.3,6.7
48117,Texas,Deaf Smith County,18947,9499,9448,51543,3468,21209,1250,18.0,26.8,8619,80.9,12.9,5.5,0.7,5.0
48119,Texas,Delta County,5172,2552,2620,42642,5710,22732,2155,22.9,40.1,1980,72.6,19.6,7.8,0.0,6.4
48121,Texas,Denton County,781321,384390,396931,80290,1119,37928,397,8.4,9.4,419189,82.7,11.6,5.5,0.2,4.5
48123,Texas,DeWitt County,20474,10697,9777,50960,5037,28116,2303,16.0,20.2,7965,76.9,16.1,6.7,0.2,6.5
48125,Texas,Dickens County,2224,1186,1038,43088,3488,24171,3281,16.6,19.3,747,65.9,22.0,12.0,0.1,15.0
48127,Texas,Dimmit County,10822,5284,5538,31384,5343,17939,3265,30.2,43.3,3805,72.7,16.6,10.7,0.0,15.0
48129,Texas,Donley County,3433,1714,1719,44429,6281,23212,1865,14.9,23.5,1421,66.6,19.3,14.1,0.0,4.6
48131,Texas,Duval County,11434,5891,5543,35443,5975,19085,2049,25.2,36.2,3950,73.5,18.5,7.2,0.8,13.6
48133,Texas,Eastland County,18278,9337,8941,32135,3314,20433,2001,17.4,24.6,6910,76.6,15.8,6.6,0.9,5.7
48135,Texas,Ector County,155744,78798,76946,59528,2471,27728,973,12.3,15.6,72576,82.3,11.0,6.5,0.1,6.9
48137,Texas,Edwards County,2111,965,1146,48462,24610,28968,13175,7.0,12.4,888,64.9,18.2,16.9,0.0,5.1
48139,Texas,Ellis County,164092,80837,83255,67371,2205,28612,695,10.5,14.6,78597,79.5,13.1,7.2,0.2,4.6
48141,Texas,El Paso County,834825,409199,425626,43244,675,19950,268,21.7,30.2,341350,74.0,19.5,6.3,0.1,7.0
48143,Texas,Erath County,41016,20118,20898,47013,2530,23511,1391,22.6,21.5,19076,77.0,14.0,8.3,0.6,4.3
48145,Texas,Falls County,17289,8135,9154,38834,4055,17755,973,25.2,37.7,5774,77.4,15.5,6.9,0.1,6.1
48147,Texas,Fannin County,33787,17846,15941,47875,2798,23212,927,14.8,19.1,13407,72.5,19.9,7.3,0.3,5.2
48149,Texas,Fayette County,24963,12188,12775,56941,5047,30405,1931,9.1,10.1,11626,75.9,13.5,10.2,0.4,1.5
48151,Texas,Fisher County,3875,1867,2008,45294,3897,27750,3592,17.4,24.5,1728,68.3,18.2,13.1,0.4,5.6
48153,Texas,Floyd County,5953,2911,3042,48767,4541,24347,2488,18.2,28.7,2444,75.3,15.1,9.6,0.0,6.4
48155,Texas,Foard County,1414,749,665,50000,15300,26034,4635,5.7,5.3,591,60.9,27.1,11.2,0.8,11.3
48157,Texas,Fort Bend County,711421,349697,361724,93645,1349,38382,621,8.1,10.7,339159,82.3,11.8,5.7,0.2,5.3
48159,Texas,Franklin County,10639,5409,5230,43967,4356,23642,2098,15.0,22.8,4397,74.0,11.1,14.1,0.8,7.6
48161,Texas,Freestone County,19646,10224,9422,45890,4462,24060,1797,17.3,26.4,7422,73.3,19.6,7.1,0.0,4.2
48163,Texas,Frio County,19110,11363,7747,37382,4996,16833,2042,20.3,26.8,6859,76.6,16.8,6.6,0.0,7.3
48165,Texas,Gaines County,19889,10082,9807,58167,5868,22656,2576,11.0,11.6,8134,76.0,12.5,11.0,0.4,4.5
48167,Texas,Galveston County,321184,158564,162620,65702,1802,33870,571,13.9,19.7,149076,77.0,16.7,6.1,0.1,6.5
48169,Texas,Garza County,6739,4369,2370,53832,4373,20635,4165,13.5,26.1,2445,72.2,16.7,11.1,0.0,2.0
48171,Texas,Gillespie County,25939,12655,13284,56267,3468,32557,2310,12.4,22.6,11800,73.4,8.9,17.2,0.5,5.0
48173,Texas,Glasscock County,1420,792,628,64886,26246,32885,6824,11.6,6.1,669,76.8,14.1,9.1,0.0,0.0
48175,Texas,Goliad County,7510,3778,3732,56737,6539,30075,3418,16.4,31.2,2994,71.7,20.7,7.6,0.0,6.4
48177,Texas,Gonzales County,20558,10400,10158,47516,3368,23635,1542,17.2,25.0,8939,76.6,14.8,8.4,0.3,5.1
48179,Texas,Gray County,22962,12143,10819,48314,5246,23457,1409,14.9,20.3,9498,81.2,12.1,6.6,0.1,4.9
48181,Texas,Grayson County,126146,61556,64590,52683,2034,26535,639,14.3,19.7,57373,79.8,12.5,7.4,0.2,6.5
48183,Texas,Gregg County,123402,60366,63036,47970,1445,25144,748,17.6,24.5,55237,84.3,10.1,5.5,0.1,4.8
48185,Texas,Grimes County,27358,15070,12288,49745,3213,23585,2861,18.6,30.7,10403,76.7,15.4,7.7,0.3,5.5
48187,Texas,Guadalupe County,150889,74611,76278,66187,1709,29300,692,10.6,14.6,70169,76.3,17.8,5.6,0.3,4.5
48189,Texas,Hale County,34527,17906,16621,46012,2409,19205,866,19.8,27.2,14267,74.3,19.1,6.4,0.2,6.4
48191,Texas,Hall County,3102,1552,1550,31324,4587,20022,3934,22.2,27.7,1125,66.8,22.4,9.3,1.4,13.0
48193,Texas,Hamilton County,8220,4062,4158,46611,6707,26522,3521,16.1,23.8,3584,69.3,18.1,11.1,1.5,3.1
48195,Texas,Hansford County,5532,2760,2772,40678,3734,21989,2565,18.7,27.5,2394,72.6,14.2,13.2,0.0,3.8
48197,Texas,Hardeman County,3990,1950,2040,37995,4188,21517,2118,13.8,15.9,1695,65.3,27.4,6.8,0.5,6.7
48199,Texas,Hardin County,55993,27365,28628,56131,3351,29693,1678,12.0,15.0,24056,82.1,13.7,4.1,0.1,4.4
48201,Texas,Harris County,4525519,2251060,2274459,57791,503,30856,222,16.8,25.0,2180392,83.4,9.8,6.6,0.2,6.4
48203,Texas,Harrison County,66606,32517,34089,48644,2576,25123,1681,17.9,24.2,27603,80.9,12.8,6.1,0.2,7.2
48205,Texas,Hartley County,5821,3524,2297,64427,4662,20676,2181,8.1,11.4,2049,76.2,13.0,8.8,2.0,1.2
48207,Texas,Haskell County,5806,3247,2559,43529,6157,21120,2295,19.3,32.6,2180,62.4,18.7,18.1,0.8,9.5
48209,Texas,Hays County,194843,96973,97870,62815,1681,29253,738,15.3,14.8,99069,75.3,17.6,6.9,0.3,5.3
48211,Texas,Hemphill County,4152,1976,2176,68679,8021,29470,3571,8.8,14.3,1898,73.7,16.9,9.4,0.0,6.9
48213,Texas,Henderson County,79687,38840,40847,44888,1447,24315,975,18.0,29.2,31087,76.2,14.9,8.7,0.2,6.2
48215,Texas,Hidalgo County,839539,410383,429156,37097,803,15883,288,31.8,43.8,313678,71.2,17.2,11.4,0.1,8.1
48217,Texas,Hill County,35098,17374,17724,45970,2801,23342,1140,17.5,27.0,14579,78.0,14.0,7.8,0.3,8.1
48219,Texas,Hockley County,23273,11505,11768,49184,2913,22673,994,14.9,18.7,10337,81.1,12.7,6.0,0.3,7.4
48221,Texas,Hood County,55418,27199,28219,60275,2698,32578,1911,12.3,20.3,22905,80.1,10.5,9.1,0.3,3.0
48223,Texas,Hopkins County,35929,17643,18286,47832,1988,24236,1087,17.9,27.3,15408,78.5,12.7,8.5,0.3,5.9
48225,Texas,Houston County,22849,12274,10575,33552,2167,17884,1092,24.7,40.3,7642,67.1,21.8,11.0,0.0,4.5
48227,Texas,Howard County,36491,20588,15903,50855,2162,22994,1387,13.9,16.6,14393,72.7,20.7,6.3,0.3,6.7
48229,Texas,Hudspeth County,3702,1841,1861,26346,4472,12543,2216,35.6,51.5,1083,63.1,26.4,10.5,0.0,5.7
48231,Texas,Hunt County,90322,44432,45890,49319,2246,23942,706,18.8,26.2,38753,79.8,13.9,6.2,0.1,6.5
48233,Texas,Hutchinson County,21704,10838,10866,50035,4099,25154,1481,16.4,23.6,9149,81.2,12.9,5.8,0.1,5.2
48235,Texas,Irion County,1592,853,739,63021,10537,32307,4502,13.5,16.3,718,69.4,16.0,13.8,0.8,6.9
48237,Texas,Jack County,8839,4973,3866,52829,5647,25553,2356,18.2,27.8,3160,76.1,13.8,9.5,0.6,3.6
48239,Texas,Jackson County,14756,7214,7542,58504,5746,26809,1678,13.7,17.9,6760,76.2,15.1,7.9,0.8,4.7
48241,Texas,Jasper County,35444,17420,18024,41960,4187,21402,1245,16.8,22.3,12541,80.2,14.1,5.8,0.0,10.3
48243,Texas,Jeff Davis County,2236,1070,1166,46534,10024,25167,3334,6.7,0.0,911,54.8,29.6,15.6,0.0,5.1
48245,Texas,Jefferson County,254574,130404,124170,46315,1252,25370,616,19.4,29.2,105319,83.0,13.0,3.9,0.1,6.5
48247,Texas,Jim Hogg County,5262,2623,2639,31403,4984,17761,2786,26.0,35.9,1646,62.0,30.4,7.7,0.0,17.0
48249,Texas,Jim Wells County,41318,20134,21184,41103,3613,20631,1578,23.0,32.4,16282,78.5,13.1,8.4,0.0,5.3
48251,Texas,Johnson County,160173,79887,80286,60458,1793,26574,672,11.0,14.6,72273,82.4,10.8,6.7,0.2,4.9
48253,Texas,Jones County,19969,12658,7311,48601,5941,17960,1698,15.9,19.9,5057,65.5,23.2,11.1,0.3,4.2
48255,Texas,Karnes County,15051,8960,6091,53051,5261,27011,2534,19.3,32.1,5433,70.1,21.8,7.7,0.5,4.1
48257,Texas,Kaufman County,114852,56347,58505,63926,2146,26631,722,12.4,16.4,53146,77.5,16.5,5.8,0.2,6.5
48259,Texas,Kendall County,40306,19568,20738,81023,5739,39517,2548,5.7,7.7,18640,75.8,13.6,10.7,0.0,4.4
48261,Texas,Kenedy County,564,280,284,24800,15011,13705,4641,24.8,29.9,183,66.1,33.9,0.0,0.0,0.0
48263,Texas,Kent County,680,311,369,52250,12784,27515,5559,17.9,42.0,304,51.3,39.5,8.2,1.0,1.6
48265,Texas,Kerr County,50761,24563,26198,48698,2928,28484,1842,13.8,23.3,21475,72.3,15.2,12.5,0.0,6.0
48267,Texas,Kimble County,4432,2140,2292,41095,2463,26982,5998,22.1,36.4,2027,69.8,18.5,11.5,0.1,6.4
48269,Texas,King County,289,150,139,56964,20503,29918,7391,3.5,6.8,173,72.8,20.2,6.9,0.0,6.0
48271,Texas,Kinney County,3631,2234,1397,34926,7639,21395,2872,10.6,8.3,1351,56.6,35.7,7.7,0.0,8.1
48273,Texas,Kleberg County,31540,16290,15250,41700,3197,19806,1248,23.7,27.4,13683,69.1,25.7,4.8,0.3,9.7
48275,Texas,Knox County,3753,1879,1874,46319,5444,21046,1742,14.7,23.2,1504,70.5,20.5,8.4,0.7,5.1
48277,Texas,Lamar County,49401,23876,25525,42198,2190,23625,1106,17.8,26.1,21134,79.4,13.6,6.8,0.2,5.6
48279,Texas,Lamb County,13368,6832,6536,43712,2899,21760,1344,20.5,28.3,5671,74.6,18.2,7.1,0.2,3.6
48281,Texas,Lampasas County,20473,10144,10329,54467,3818,26405,1316,12.0,14.9,8612,70.3,21.8,7.7,0.1,7.4
48283,Texas,La Salle County,7418,4347,3071,44601,8414,26268,8675,8.2,8.7,2716,82.9,10.6,6.5,0.0,5.4
48285,Texas,Lavaca County,19859,9596,10263,51708,2822,29946,1909,10.5,13.3,8843,74.7,15.3,9.9,0.1,2.9
48287,Texas,Lee County,16850,8476,8374,55741,4948,26740,1964,13.8,19.0,7894,72.2,15.7,11.7,0.4,4.5
48289,Texas,Leon County,16966,8485,8481,44875,4612,27096,3287,16.3,27.0,6574,68.6,16.0,15.0,0.4,7.1
48291,Texas,Liberty County,79884,39491,40393,48344,3470,22153,988,16.2,21.5,28685,79.3,13.9,6.5,0.3,7.8
48293,Texas,Limestone County,23480,12071,11409,40356,2445,21093,1333,20.7,33.5,8824,64.3,25.7,10.0,0.0,10.3
48295,Texas,Lipscomb County,3495,1880,1615,59583,7827,29995,2575,10.5,13.5,1653,68.8,17.8,13.1,0.3,5.2
48297,Texas,Live Oak County,12043,6548,5495,51480,4529,22847,2374,16.3,23.8,4301,71.0,15.8,12.2,1.0,3.8
48299,Texas,Llano County,20195,9848,10347,50524,4101,35680,2754,12.5,19.9,7660,73.2,12.2,14.2,0.3,8.3
48301,Texas,Loving County,74,39,35,80938,32455,35530,10371,17.1,0.0,39,53.8,28.2,17.9,0.0,0.0
48303,Texas,Lubbock County,298042,147080,150962,49078,1138,26196,499,18.8,21.4,145154,78.1,16.1,5.7,0.1,4.8
48305,Texas,Lynn County,5785,2957,2828,44922,3955,26758,2557,18.0,26.9,2419,74.8,16.1,8.8,0.3,8.1
48307,Texas,McCulloch County,8145,4171,3974,42367,7500,23398,2283,16.3,25.1,3658,68.5,17.7,13.2,0.6,3.2
48309,Texas,McLennan County,245720,119894,125826,46262,1239,24273,645,19.3,26.1,112592,81.0,13.2,5.6,0.2,5.1
48311,Texas,McMullen County,600,321,279,71389,19963,33472,11546,7.0,0.0,202,63.9,19.8,16.3,0.0,26.3
48313,Texas,Madison County,13979,8649,5330,44004,4196,17436,1473,15.4,18.5,4249,67.2,21.2,10.8,0.8,3.1
48315,Texas,Marion County,10140,5025,5115,36938,3112,25933,3074,22.3,37.9,3635,73.3,16.4,10.1,0.2,10.7
48317,Texas,Martin County,5547,2856,2691,71115,10287,28560,2865,7.0,7.8,2527,76.4,12.0,11.4,0.3,1.9
48319,Texas,Mason County,4122,2200,1922,40949,3689,24519,2922,12.6,20.1,2173,74.8,7.5,17.3,0.4,2.8
48321,Texas,Matagorda County,36744,18249,18495,44896,4175,23294,1398,20.6,33.8,16009,79.5,14.4,6.0,0.1,6.4
48323,Texas,Maverick County,57471,28522,28949,37734,2701,16658,850,24.5,32.1,21113,74.8,20.6,4.4,0.2,12.9
48325,Texas,Medina County,48548,25073,23475,59305,2261,25572,1305,12.7,17.4,20958,75.4,15.8,8.6,0.2,5.3
48327,Texas,Menard County,2123,1159,964,37917,11237,23613,3104,9.8,11.9,1014,60.1,23.5,15.7,0.8,5.1
48329,Texas,Midland County,159883,80338,79545,75815,3574,38545,1300,8.7,11.5,80471,82.9,9.7,7.3,0.2,3.5
48331,Texas,Milam County,24479,12194,12285,41768,2688,22911,1288,16.0,25.5,9527,73.1,19.3,7.4,0.3,5.5
48333,Texas,Mills County,4887,2275,2612,46318,7679,24858,3726,14.9,19.8,2055,71.3,18.4,10.0,0.2,2.9
48335,Texas,Mitchell County,8774,5417,3357,52194,3002,19741,1868,7.9,9.0,2801,66.5,24.3,8.2,1.0,6.4
48337,Texas,Montague County,19406,9512,9894,46592,4160,26278,1905,15.5,21.7,7938,81.5,11.3,6.8,0.5,6.6
48339,Texas,Montgomery County,535187,265034,270153,74323,1461,38012,871,10.3,13.9,249640,81.1,10.7,8.1,0.1,4.9
48341,Texas,Moore County,22016,11466,10550,52469,3568,21372,1142,16.9,26.0,10591,81.6,13.8,4.4,0.3,4.1
48343,Texas,Morris County,12530,6022,6508,40227,4275,22803,2179,15.7,20.9,5044,75.7,17.6,6.6,0.1,9.9
48345,Texas,Motley County,1114,575,539,40598,7989,25908,3973,12.2,11.3,513,64.5,17.7,17.7,0.0,8.1
48347,Texas,Nacogdoches County,65411,31297,34114,41482,2289,22589,1150,24.9,32.2,28199,73.4,19.2,7.2,0.2,8.6
48349,Texas,Navarro County,48239,23726,24513,45103,2407,22152,1046,18.8,29.8,20325,75.5,15.8,8.5,0.2,9.4
48351,Texas,Newton County,14187,7436,6751,40180,5490,20800,1616,15.7,19.3,4971,76.9,19.2,3.8,0.0,11.6
48353,Texas,Nolan County,14990,7629,7361,42019,2694,23686,1769,16.8,25.0,6316,74.3,18.5,7.1,0.1,7.1
48355,Texas,Nueces County,358484,176836,181648,53317,981,26780,491,16.7,23.8,165116,77.8,15.3,6.8,0.2,5.9
48357,Texas,Ochiltree County,10484,5353,5131,50120,4332,24157,2387,13.0,14.7,4679,79.1,12.8,7.8,0.3,7.6
48359,Texas,Oldham County,2083,1208,875,62426,7152,25461,7333,11.1,14.6,776,82.5,11.9,5.2,0.5,3.8
48361,Texas,Orange County,83909,41505,42404,53667,2201,27938,1206,14.2,18.7,36743,81.9,13.2,4.7,0.1,6.0
48363,Texas,Palo Pinto County,28109,13904,14205,45067,2933,24840,1490,18.3,28.3,11724,78.6,11.4,9.9,0.1,7.9
48365,Texas,Panola County,23574,11635,11939,49704,2693,26205,2154,15.3,22.3,9855,80.8,11.2,8.0,0.0,3.8
48367,Texas,Parker County,125963,62545,63418,70608,2107,33367,1047,9.2,12.7,58626,76.6,14.6,8.5,0.3,5.5
48369,Texas,Parmer County,9871,5065,4806,50410,4309,21876,1537,17.3,27.6,4411,75.9,14.2,9.6,0.3,2.8
48371,Texas,Pecos County,15804,9058,6746,50543,6324,19088,1217,11.5,11.5,6103,68.3,22.6,8.1,1.0,3.7
48373,Texas,Polk County,46974,25288,21686,43267,2722,23023,985,18.7,32.0,17988,72.6,18.4,8.7,0.3,8.5
48375,Texas,Potter County,121230,62467,58763,41852,1195,21941,858,21.7,29.1,52859,82.7,11.8,5.5,0.0,4.2
48377,Texas,Presidio County,7191,3558,3633,26486,8419,15329,1476,26.3,31.9,2426,55.9,30.3,13.1,0.6,9.8
48379,Texas,Rains County,11246,5722,5524,48308,4901,23976,1572,13.1,17.6,4601,74.0,11.7,14.3,0.0,5.7
48381,Texas,Randall County,130552,64149,66403,65564,1884,32922,753,9.6,11.6,68640,75.3,16.3,8.3,0.1,3.7
48383,Texas,Reagan County,3735,1986,1749,59760,22731,25273,2662,18.0,30.5,1752,74.3,16.8,9.0,0.0,3.9
48385,Texas,Real County,3358,1553,1805,36493,6844,20873,2757,20.2,33.6,1281,73.4,10.7,15.9,0.0,6.1
48387,Texas,Red River County,12353,5803,6550,35356,2876,21177,1417,16.5,18.5,4770,71.0,19.2,9.8,0.0,9.0
48389,Texas,Reeves County,14791,8938,5853,49390,6945,18992,1651,13.2,16.1,5140,70.3,25.9,3.8,0.0,8.0
48391,Texas,Refugio County,7293,3617,3676,50338,6218,23959,1587,16.6,28.2,2961,74.8,14.8,10.4,0.0,7.9
48393,Texas,Roberts County,889,404,485,79167,8098,34555,5327,3.3,7.3,409,58.2,24.0,17.8,0.0,2.4
48395,Texas,Robertson County,16727,8291,8436,52189,5130,23337,1593,15.2,21.2,7180,72.1,19.8,8.0,0.1,7.7
48397,Texas,Rockwall County,90414,44463,45951,93269,3672,38933,1286,5.8,7.5,44335,79.9,14.5,5.5,0.1,4.9
48399,Texas,Runnels County,10266,5050,5216,41226,3957,22190,1490,16.3,20.2,4184,68.5,21.5,9.6,0.5,3.2
48401,Texas,Rusk County,53026,27810,25216,49270,2855,23521,951,15.8,23.1,20340,79.8,13.1,6.8,0.3,5.7
48403,Texas,Sabine County,10429,5232,5197,33561,2735,20876,1771,20.0,36.2,3379,75.2,13.9,8.6,2.3,7.1
48405,Texas,San Augustine County,8403,4154,4249,32394,6068,21066,2875,24.4,37.4,2493,81.3,9.3,9.4,0.0,13.4
48407,Texas,San Jacinto County,27436,13563,13873,43421,5938,22308,1550,17.2,22.0,10221,77.3,15.0,7.6,0.1,6.5
48409,Texas,San Patricio County,66867,33592,33275,53332,2067,24613,860,15.2,22.0,28869,77.9,17.1,4.9,0.2,4.9
48411,Texas,San Saba County,5851,2949,2902,40301,4626,22481,2996,17.4,33.3,2475,70.1,16.4,13.1,0.4,3.2
48413,Texas,Schleicher County,3122,1572,1550,63432,8717,28112,4832,10.2,9.9,1475,67.2,26.8,6.0,0.0,6.3
48415,Texas,Scurry County,17346,9446,7900,54565,5212,24140,1725,12.8,17.2,6772,77.0,13.1,9.8,0.2,4.6
48417,Texas,Shackelford County,3348,1677,1671,46685,7316,24296,2570,17.7,20.6,1508,72.3,17.5,9.9,0.3,7.0
48419,Texas,Shelby County,25689,12740,12949,38121,2400,20686,1236,23.1,37.0,9432,74.9,15.7,9.1,0.3,7.4
48421,Texas,Sherman County,3067,1590,1477,54961,4119,25358,2477,14.8,24.6,1604,74.4,13.5,12.1,0.0,1.5
48423,Texas,Smith County,222277,107355,114922,50742,1276,26270,684,16.3,22.1,98488,81.8,12.0,6.0,0.2,6.5
48425,Texas,Somervell County,8650,4155,4495,52346,8689,27095,2855,21.5,34.4,3671,81.3,11.9,6.1,0.7,2.8
48427,Texas,Starr County,63420,30815,32605,27133,1554,13167,854,35.0,45.7,21423,67.9,22.5,8.3,1.2,15.0
48429,Texas,Stephens County,9365,4826,4539,45862,3667,23044,1813,21.3,32.7,3730,72.8,14.6,12.5,0.0,4.7
48431,Texas,Sterling County,1139,608,531,50000,13092,25675,4446,17.0,37.1,515,61.9,23.5,14.6,0.0,2.6
48433,Texas,Stonewall County,1084,555,529,46786,13949,28063,4263,13.9,20.1,442,54.3,30.5,13.1,2.0,2.4
48435,Texas,Sutton County,3894,2127,1767,60996,5615,31603,4027,6.5,5.5,1827,75.0,13.7,11.1,0.2,5.9
48437,Texas,Swisher County,7541,3955,3586,37883,4612,18878,2348,22.2,30.8,2704,72.1,15.3,12.5,0.0,5.9
48439,Texas,Tarrant County,1983675,971142,1012533,62532,457,30857,257,13.5,19.4,974947,83.0,11.3,5.6,0.1,5.4
48441,Texas,Taylor County,135371,66258,69113,49161,2217,25419,673,16.1,20.6,62872,78.0,15.7,6.0,0.2,4.4
48443,Texas,Terrell County,721,357,364,26063,5567,21204,4392,17.1,14.0,260,50.4,29.2,20.4,0.0,6.8
48445,Texas,Terry County,12755,6753,6002,42441,5680,21938,3713,13.7,21.1,4556,74.8,17.2,8.0,0.0,9.4
48447,Texas,Throckmorton County,1541,705,836,37279,7356,27732,4961,17.1,19.6,661,65.4,19.5,15.1,0.0,5.2
48449,Texas,Titus County,32664,16055,16609,46980,2674,21090,1364,19.3,29.4,14307,83.5,9.9,6.5,0.1,6.1
48451,Texas,Tom Green County,116906,57848,59058,49662,2089,27513,1193,12.9,17.2,53414,77.1,15.9,7.0,0.1,3.8
48453,Texas,Travis County,1176584,593319,583265,68350,751,38820,418,13.9,18.8,645807,77.7,14.9,7.3,0.1,4.5
48455,Texas,Trinity County,14481,6959,7522,37398,3180,20369,1260,18.4,30.0,4946,69.3,20.8,9.2,0.6,10.2
48457,Texas,Tyler County,21456,11726,9730,44396,4682,21172,1438,15.8,23.8,6746,77.7,17.9,4.2,0.2,9.5
48459,Texas,Upshur County,40506,20035,20471,48796,2647,24088,1297,13.8,20.3,16720,80.1,12.4,7.2,0.3,8.3
48461,Texas,Upton County,3575,1747,1828,52750,5566,25290,3206,18.0,24.0,1398,69.7,22.5,7.8,0.0,1.1
48463,Texas,Uvalde County,27015,13188,13827,40781,3100,19146,921,17.9,27.7,11605,70.6,20.6,8.8,0.0,5.9
48465,Texas,Val Verde County,48976,24836,24140,44609,2594,20160,1240,20.9,27.1,18667,68.0,26.4,5.5,0.1,6.6
48467,Texas,Van Zandt County,53607,26307,27300,50061,2093,25394,1208,14.2,20.3,22384,74.5,15.0,10.3,0.3,5.9
48469,Texas,Victoria County,91518,44790,46728,55740,2218,28181,1001,14.8,20.8,43077,80.5,11.4,7.8,0.3,5.1
48471,Texas,Walker County,70818,41435,29383,41456,1745,17194,1111,24.3,24.3,24044,60.9,35.0,3.9,0.2,3.4
48473,Texas,Waller County,48443,24209,24234,53506,4971,23888,1274,18.0,25.1,21837,75.6,15.9,7.9,0.6,7.8
48475,Texas,Ward County,11498,5790,5708,63333,5589,26860,2095,11.6,12.7,4823,75.1,17.3,7.5,0.1,6.1
48477,Texas,Washington County,34667,17199,17468,55793,4336,28517,2309,13.2,20.8,14897,74.0,15.9,10.1,0.0,6.2
48479,Texas,Webb County,269624,131657,137967,40442,1234,16316,420,31.5,42.0,102713,75.5,17.3,6.9,0.3,5.7
48481,Texas,Wharton County,41430,20355,21075,50145,3208,25867,1856,17.5,29.2,18767,80.7,12.6,6.5,0.2,5.3
48483,Texas,Wheeler County,5599,2871,2728,50910,3512,25809,1877,19.2,31.7,2551,68.8,21.0,10.0,0.2,5.6
48485,Texas,Wichita County,131778,68339,63439,45776,1140,23263,604,18.9,26.6,55552,74.3,19.9,5.4,0.4,4.8
48487,Texas,Wilbarger County,12972,6415,6557,43913,4945,21938,1657,16.5,22.6,6329,67.8,24.9,6.9,0.4,5.8
48489,Texas,Willacy County,21839,11821,10018,29104,2657,13369,863,35.6,49.5,6415,66.8,21.3,11.8,0.1,14.5
48491,Texas,Williamson County,508313,250106,258207,79123,1440,34575,386,7.0,8.4,254840,79.0,14.5,6.4,0.1,4.8
48493,Texas,Wilson County,47205,23703,23502,71942,4350,29862,1049,10.2,12.8,21002,73.3,18.0,8.6,0.1,6.0
48495,Texas,Winkler County,7777,3968,3809,55000,12087,23483,2007,17.9,22.6,3267,80.3,15.1,4.6,0.0,4.1
48497,Texas,Wise County,63247,31766,31481,59081,2722,27447,1009,13.0,20.4,27736,78.0,13.7,8.0,0.2,6.0
48499,Texas,Wood County,43315,21523,21792,48038,3129,25955,1664,13.3,22.0,15960,78.4,14.1,7.1,0.4,7.8
48501,Texas,Yoakum County,8481,4286,4195,62500,8792,23681,2553,12.3,14.6,3755,71.7,17.5,10.7,0.1,7.5
48503,Texas,Young County,18166,8922,9244,46351,3907,25661,2290,16.5,25.9,8248,69.8,17.1,11.9,1.2,4.5
48505,Texas,Zapata County,14415,7190,7225,34550,6700,17817,3167,34.1,48.0,5146,66.0,21.0,12.6,0.4,12.4
48507,Texas,Zavala County,12152,6163,5989,25988,5009,13105,1562,36.2,56.3,4397,73.9,21.2,4.9,0.1,10.1
